GROUP,PACKAGE,CLASS,INSTRUCTION_MISSED,INSTRUCTION_COVERED,BRANCH_MISSED,BRANCH_COVERED,LINE_MISSED,LINE_COVERED,COMPLEXITY_MISSED,COMPLEXITY_COVERED,METHOD_MISSED,METHOD_COVERED
problem2,edu.postech.csed332.homework2,BooleanExpParser.VariableContext,9,14,1,1,2,2,2,2,1,2
problem2,edu.postech.csed332.homework2,Constant,0,60,0,10,0,17,0,13,0,8
problem2,edu.postech.csed332.homework2,BooleanExpParser.ExpressionContext,2,12,0,0,1,5,1,3,1,3
problem2,edu.postech.csed332.homework2,BooleanExpParser.BinaryExpContext,24,14,1,1,5,2,5,2,4,2
problem2,edu.postech.csed332.homework2,Negation,2,122,1,13,1,30,1,14,0,8
problem2,edu.postech.csed332.homework2,Variable,2,71,1,9,1,18,1,12,0,8
problem2,edu.postech.csed332.homework2,Disjunction,10,348,5,33,1,67,4,33,0,18
problem2,edu.postech.csed332.homework2,ExpParser.new BooleanExpBaseVisitor() {...},4,84,1,2,1,8,1,7,0,6
problem2,edu.postech.csed332.homework2,ExpParser.new BaseErrorListener() {...},0,11,0,0,0,2,0,2,0,2
problem2,edu.postech.csed332.homework2,BooleanExpParser.ConstantContext,14,14,1,1,3,2,3,2,2,2
problem2,edu.postech.csed332.homework2,BooleanExpParser,78,526,14,25,17,108,18,19,6,9
problem2,edu.postech.csed332.homework2,ExpParser,3,27,0,0,1,5,1,1,1,1
problem2,edu.postech.csed332.homework2,BooleanExpParser.UnaryExpContext,15,14,1,1,3,2,3,2,2,2
problem2,edu.postech.csed332.homework2,BooleanExpLexer,16,233,0,8,8,27,8,9,8,5
problem2,edu.postech.csed332.homework2,BinaryExp,0,26,0,2,0,8,0,4,0,3
problem2,edu.postech.csed332.homework2,Conjunction,10,348,5,33,1,66,4,33,0,18
problem2,edu.postech.csed332.homework2,BooleanExpParser.ParenExpContext,20,14,1,1,4,2,4,2,3,2
problem2,edu.postech.csed332.homework2,BooleanExpBaseVisitor,20,3,0,0,5,1,5,1,5,1
